{
  "our_correlations": {
    "1": -0.34,
    "2": -0.08,
    "3": -0.03
  },
  "gue_theoretical": {
    "1": -0.27,
    "2": -0.06,
    "3": -0.025,
    "4": -0.015,
    "5": -0.01
  },
  "gue_numerical": {
    "1": -0.2913743286432204,
    "2": -0.05773513988417378,
    "3": -0.017700774314487817,
    "4": -0.008378026888330873,
    "5": 0.0029058910775697343
  },
  "conclusion": "Model matches GUE predictions"
}