{
  "operator_coeffs": [
    -0.4467,
    -0.2819,
    -0.1586
  ],
  "n_trials": 100,
  "context_len": 128,
  "rollout_len": 100,
  "results": {
    "linear_err100": 0.31008649355409357,
    "flash_err100": 0.2411041974602267,
    "baseline_err100": 0.3535519862174988
  }
}