{
  "checkpoint": "out/mdn_memory_q3_flash/best.pt",
  "n_samples": 5000,
  "sinc_fit": {
    "scale": 0.10242233790564798,
    "offset": 0.9385197464638925,
    "wavelength": 2.5333828742858797,
    "r2": 0.8058597624285633
  },
  "prediction_analysis": {
    "pred_target_corr": 0.9381082169996524,
    "mse": 0.02108430489897728
  },
  "kernel_summary": {
    "L0_H0": {
      "peak_d": 1,
      "peak_val": 0.005154855567953594,
      "decay_rate": 1.3135383691951688
    },
    "L0_H1": {
      "peak_d": 12,
      "peak_val": 0.0038949307596064728,
      "decay_rate": 1.423825079312126
    },
    "L0_H2": {
      "peak_d": 1,
      "peak_val": 0.004373995090435229,
      "decay_rate": 2.088386149545391
    },
    "L0_H3": {
      "peak_d": 1,
      "peak_val": 0.00448477899388362,
      "decay_rate": 1.3904129010504276
    },
    "L0_H4": {
      "peak_d": 12,
      "peak_val": 0.003900136730900692,
      "decay_rate": 1.9460267895040957
    },
    "L0_H5": {
      "peak_d": 1,
      "peak_val": 0.003645717544443827,
      "decay_rate": 1.0403551357632748
    },
    "L0_H6": {
      "peak_d": 12,
      "peak_val": 0.004019957737659748,
      "decay_rate": 2.115547154597822
    },
    "L0_H7": {
      "peak_d": 10,
      "peak_val": 0.0034298493092127674,
      "decay_rate": 2.552994313557345
    },
    "L1_H0": {
      "peak_d": 3,
      "peak_val": 0.003577112427761362,
      "decay_rate": 1.53737946030093
    },
    "L1_H1": {
      "peak_d": 7,
      "peak_val": 0.004000666739271834,
      "decay_rate": 1.633991906662485
    },
    "L1_H2": {
      "peak_d": 1,
      "peak_val": 0.003668623504325657,
      "decay_rate": null
    },
    "L1_H3": {
      "peak_d": 10,
      "peak_val": 0.004135949192592299,
      "decay_rate": 2.2632730694659956e-05
    },
    "L1_H4": {
      "peak_d": 10,
      "peak_val": 0.0038114416893713574,
      "decay_rate": 12.496852431779791
    },
    "L1_H5": {
      "peak_d": 10,
      "peak_val": 0.0038131926387931833,
      "decay_rate": 1.8633783279295093
    },
    "L1_H6": {
      "peak_d": 15,
      "peak_val": 0.004005910100091091,
      "decay_rate": 0.5177639430760698
    },
    "L1_H7": {
      "peak_d": 1,
      "peak_val": 0.0042272304073034984,
      "decay_rate": 1.0841306150815428
    }
  }
}